Datetime,Water Level (m)
2025-05-01 00:00:00,-0.075195864
2025-05-01 01:00:00,-0.425753
2025-05-01 02:00:00,-0.6989952
2025-05-01 03:00:00,-0.96897775
2025-05-01 04:00:00,-1.2015587
2025-05-01 05:00:00,-1.2410705
2025-05-01 06:00:00,-0.35360038
2025-05-01 07:00:00,0.6159219
2025-05-01 08:00:00,1.0407733
2025-05-01 09:00:00,1.3239326
2025-05-01 10:00:00,1.4048475
2025-05-01 11:00:00,1.2247998
2025-05-01 12:00:00,0.73541206
2025-05-01 13:00:00,0.2700909
2025-05-01 14:00:00,-0.124066636
2025-05-01 15:00:00,-0.53122914
2025-05-01 16:00:00,-0.8567865
2025-05-01 17:00:00,-1.0899416
2025-05-01 18:00:00,-1.051844
2025-05-01 19:00:00,-0.11580891
2025-05-01 20:00:00,0.5612049
2025-05-01 21:00:00,0.7232499
2025-05-01 22:00:00,0.76237833
2025-05-01 23:00:00,0.67020875
2025-05-02 00:00:00,0.40723628
2025-05-02 01:00:00,0.008714049
2025-05-02 02:00:00,-0.349292
2025-05-02 03:00:00,-0.6594335
2025-05-02 04:00:00,-0.94009364
2025-05-02 05:00:00,-1.1380477
2025-05-02 06:00:00,-0.9735606
2025-05-02 07:00:00,0.047219023
2025-05-02 08:00:00,0.7116415
2025-05-02 09:00:00,0.95726377
2025-05-02 10:00:00,1.1648253
2025-05-02 11:00:00,1.221536
2025-05-02 12:00:00,1.057207
2025-05-02 13:00:00,0.63514644
2025-05-02 14:00:00,0.24175878
2025-05-02 15:00:00,-0.117693715
2025-05-02 16:00:00,-0.4956038
2025-05-02 17:00:00,-0.79967785
2025-05-02 18:00:00,-0.99457204
2025-05-02 19:00:00,-0.8998652
2025-05-02 20:00:00,-0.10476123
2025-05-02 21:00:00,0.48422444
2025-05-02 22:00:00,0.59590524
2025-05-02 23:00:00,0.60309076
2025-05-03 00:00:00,0.5337834
2025-05-03 01:00:00,0.33310926
2025-05-03 02:00:00,-0.00047277243
2025-05-03 03:00:00,-0.30457017
2025-05-03 04:00:00,-0.5456716
2025-05-03 05:00:00,-0.78763014
2025-05-03 06:00:00,-0.9151059
2025-05-03 07:00:00,-0.6226013
2025-05-03 08:00:00,0.16690718
2025-05-03 09:00:00,0.6015064
2025-05-03 10:00:00,0.78059393
2025-05-03 11:00:00,0.95309794
2025-05-03 12:00:00,1.0278178
2025-05-03 13:00:00,0.9080843
2025-05-03 14:00:00,0.5564338
2025-05-03 15:00:00,0.21468496
2025-05-03 16:00:00,-0.113082625
2025-05-03 17:00:00,-0.44523177
2025-05-03 18:00:00,-0.7059194
2025-05-03 19:00:00,-0.84329027
2025-05-03 20:00:00,-0.72574526
2025-05-03 21:00:00,-0.19474392
2025-05-03 22:00:00,0.2548633
2025-05-03 23:00:00,0.3444895
2025-05-04 00:00:00,0.38994023
2025-05-04 01:00:00,0.43410727
2025-05-04 02:00:00,0.39192814
2025-05-04 03:00:00,0.16353165
2025-05-04 04:00:00,-0.12910943
2025-05-04 05:00:00,-0.37651253
2025-05-04 06:00:00,-0.6001444
2025-05-04 07:00:00,-0.7065429
2025-05-04 08:00:00,-0.5149765
2025-05-04 09:00:00,0.09706198
2025-05-04 10:00:00,0.47953475
2025-05-04 11:00:00,0.6104162
2025-05-04 12:00:00,0.7409712
2025-05-04 13:00:00,0.82366604
2025-05-04 14:00:00,0.7772249
2025-05-04 15:00:00,0.5281724
2025-05-04 16:00:00,0.24467152
2025-05-04 17:00:00,-0.045397736
2025-05-04 18:00:00,-0.35236713
2025-05-04 19:00:00,-0.62480074
2025-05-04 20:00:00,-0.79033434
2025-05-04 21:00:00,-0.7954584
2025-05-04 22:00:00,-0.44317645
2025-05-04 23:00:00,0.055648826
2025-05-05 00:00:00,0.29122362
2025-05-05 01:00:00,0.35753775
2025-05-05 02:00:00,0.42850968
2025-05-05 03:00:00,0.44560662
2025-05-05 04:00:00,0.2863625
2025-05-05 05:00:00,0.029746914
2025-05-05 06:00:00,-0.20376615
2025-05-05 07:00:00,-0.39299586
2025-05-05 08:00:00,-0.5225724
2025-05-05 09:00:00,-0.45362422
2025-05-05 10:00:00,-0.09249761
2025-05-05 11:00:00,0.2854632
2025-05-05 12:00:00,0.44030124
2025-05-05 13:00:00,0.5614951
2025-05-05 14:00:00,0.6998037
2025-05-05 15:00:00,0.7713777
2025-05-05 16:00:00,0.6291471
2025-05-05 17:00:00,0.33371016
2025-05-05 18:00:00,0.04044967
2025-05-05 19:00:00,-0.27163628
2025-05-05 20:00:00,-0.54980046
2025-05-05 21:00:00,-0.7442045
2025-05-05 22:00:00,-0.81628376
2025-05-05 23:00:00,-0.5917732
2025-05-06 00:00:00,-0.060255714
2025-05-06 01:00:00,0.3143511
2025-05-06 02:00:00,0.41021535
2025-05-06 03:00:00,0.48028713
2025-05-06 04:00:00,0.5151889
2025-05-06 05:00:00,0.41361442
2025-05-06 06:00:00,0.1540827
2025-05-06 07:00:00,-0.11057064
2025-05-06 08:00:00,-0.31861156
2025-05-06 09:00:00,-0.49286458
2025-05-06 10:00:00,-0.52493894
2025-05-06 11:00:00,-0.28572744
2025-05-06 12:00:00,0.13954179
2025-05-06 13:00:00,0.38230273
2025-05-06 14:00:00,0.51435083
2025-05-06 15:00:00,0.6585788
2025-05-06 16:00:00,0.7658119
2025-05-06 17:00:00,0.71199554
2025-05-06 18:00:00,0.43328857
2025-05-06 19:00:00,0.09626668
2025-05-06 20:00:00,-0.23879813
2025-05-06 21:00:00,-0.52343494
2025-05-06 22:00:00,-0.73603225
2025-05-06 23:00:00,-0.79995894
2025-05-07 00:00:00,-0.5286218
